title,url,date
Senior Software Engineer,https://example-tech.com/careers/senior-engineer,2025-07-31
Data Science Manager,https://innovate-corp.io/jobs/data-manager,2025-07-31
Product Marketing Lead,https://startup-solutions.net/openings/marketing-lead,2025-07-31
Senior Software Engineer,https://example-tech.com/careers/senior-engineer,2025-08-01
Data Science Manager,https://innovate-corp.io/jobs/data-manager,2025-08-01
Product Marketing Lead,https://startup-solutions.net/openings/marketing-lead,2025-08-01
Senior Software Engineer,https://example-tech.com/careers/senior-engineer,2025-08-02
Data Science Manager,https://innovate-corp.io/jobs/data-manager,2025-08-02
Product Marketing Lead,https://startup-solutions.net/openings/marketing-lead,2025-08-02
UX Designer,https://design-hub.co/positions/ux-designer,2025-08-02
Senior Software Engineer,https://example-tech.com/careers/senior-engineer,2025-08-03
Data Science Manager,https://innovate-corp.io/jobs/data-manager,2025-08-03
UX Designer,https://design-hub.co/positions/ux-designer,2025-08-03